slope_rad,slope_deg,rolling_fraction,unresolved_fraction,fixed_point_speed_rad_per_s,minimum_crossing_speed_rad_per_s,floquet_multiplier
0.04,2.291831180523293,0.0,0.0,nan,1.0989690513115873,nan
0.08,4.583662361046586,0.48564048951479,0.0,1.0954628396476571,0.9754168743931118,0.4999984374975727
0.12,6.875493541569878,0.6558022261853514,0.0,1.3407677306987908,0.8514745437302635,0.49999843749753475
0.16,9.167324722093172,0.7722157308898592,0.0,1.5467389931158755,0.7271916346027661,0.499998437497533
0.2,11.459155902616466,0.8425681077424513,0.0,1.7272282958249292,0.6026178585171869,0.4999984374975632
0.24000000000000002,13.750987083139758,0.899268187688334,0.0,1.8893017194829342,0.47780304332299794,0.49999843749754924
0.27999999999999997,16.042818263663047,0.9433614168870303,0.0,2.037128864958932,0.352797113282104,0.49999843749756184
0.32,18.334649444186343,0.9757087509993235,0.0,2.173404723584669,0.22765006909979316,0.49999843749755857
0.36,20.626480624709636,0.9945267818707336,0.0,2.2999837563056436,0.10241196792513661,0.49999843749757783
